"Submission ID","Respondent ID","Submitted at","Cheney Field and the Martin St field are owned by APS and are therefore publicly owned land. If given the choice, what is your vision for these lots?","What would you like to see?","Any Additional Comments?","Something Else - Supports Track","Duplicate"
"e5yMV8O","81Yy47O","2026-09-07 19:10:33","Green space","","","","No"
"gbgealN","Xx7kK1e","2026-09-07 19:47:17","Something else (write in)","I am open to the indoor track proposal, but any surface parking lot is a non-starter. Also, if ATC takes over the Cheney property, there should be 24/7 access to the outdoor track, and low or no cost memberships to anyone residing in NPU V to the facility.","","No","Yes"
"o9gp9j5","68YgLDB","2026-09-10 12:16:51","Green space","","","","No"
"0VG5E8A","lb1GQK6","2026-09-10 14:53:16","Green space","","","","No"
"rDgRKv5","NpNld7W","2026-09-10 23:44:16","Green space","","","","No"
"xVgEQ6E","zxByLDE","2026-09-10 23:44:39","ATC Indoor Track Proposal","","","","No"
"lagXA5V","obNevyM","2026-09-10 23:44:51","ATC Indoor Track Proposal","","","","No"
"PR4LEyx","J9jpM2z","2026-09-10 23:45:02","Something else (write in)","Any active use of the space that is appropriate for a neighborhood.","I’m generally in favor of the plan. ","Yes","No"
"aOkXxg2","lb2evNV","2026-09-10 23:45:05","ATC Indoor Track Proposal","","Strongly support this investment","","No"
"BE6q1l1","GxE95rQ","2026-09-10 23:45:06","ATC Indoor Track Proposal","","I think the track project is great but the parking needs to be limited to the one section that is a part of the church parking or possibly under the building or not at all. ","","No"
"lagXA2N","7R0LMo2","2026-09-10 23:45:39","ATC Indoor Track Proposal","","I love the idea of having an athletics focused center in Summerhill.","","No"
"o9gYBqP","dWGavZd","2026-09-10 23:46:25","Green space","","Keep them as he green spaces for our neighborhood especially since I use the park to play fetch with my dog since I don’t have a yard with living in townhome","","No"
"pe5XAgq","b5Rjv21","2026-09-10 23:46:33","ATC Indoor Track Proposal","","I am okay with the proposal ","","No"
"QojprL8","obNevlO","2026-09-10 23:46:37","ATC Indoor Track Proposal","","I support the proposal by ATC. I think it will create jobs and opportunities for low income residents in the neighborhood. It will bring activity and economic activity that is good for the neighborhood. We live in the center of Atlanta, essentially downtown, I expect this type of development to occur here.","","No"
"6D4GxZo","q4QDvg7","2026-09-10 23:48:14","ATC Indoor Track Proposal","","This is a great opportunity to build on the olympic legacy that is part of Summerhill.  This is an incredible public-private partnership to benefit the community, the health of the neighborhood and expand opportunities to APS!","","No"
"1WOzEL1","PdQ1rRV","2026-09-10 23:51:54","Something else (write in)","Green space, a library — wouldn’t that be great! — a pre-K. Perhaps a building that includes both. ","We’re late in making Cheney field something positive for the neighborhood. That’s left us open to others coming in with their ideas for the neighborhood. We should use this as an opportunity to finally act as a neighborhood. ","No","No"
"rDgRVXp","2EdaozL","2026-09-10 23:57:24","Green space","","","","No"
"gbgXL2J","dWGazoq","2026-09-10 23:57:31","ATC Indoor Track Proposal","","","","No"
"vXgVOgX","RGlgLp9","2026-09-11 00:06:34","Something else (write in)","A formal extension of Phoenix Park","Though the benefits for greenspace/parks are extensive for kids, a library would be a welcomed addition. There is plenty of space for both. ","No","No"
"9NxP2O1","kdjepXJ","2026-09-11 00:21:37","Green space","","","","No"
"QojpvqG","yPA2kpB","2026-09-11 00:29:33","ATC Indoor Track Proposal","","I am a fan of the dynamic nature of the project and the community benefits that will come along with it.","","No"
"PR4LVvd","LZx7AZO","2026-09-11 02:21:00","ATC Indoor Track Proposal","","I’m ok with developing an indoor track facility, however I don’t want a large parking lot in the field that is currently blocked off and is currently used for soccer practice. Our green space is vital to the community and I’m excited to bring more people to Summerhill but that is not a wise use of the space at all.","","No"
"lagXJJW","kdjeDWe","2026-09-11 02:23:33","ATC Indoor Track Proposal","","","","No"
"J1GbNLK","zxBypg8","2026-09-11 02:25:42","ATC Indoor Track Proposal","","","","No"
"e5y81kx","Y5BGDKq","2026-09-11 02:34:55","Green space","","Why not on one of the existing Summerhill lots?","","No"
"2jVYjQj","WObRJXk","2026-09-11 02:52:00","ATC Indoor Track Proposal","","","","No"
"bZgM9yL","81DLq9P","2026-09-11 03:01:50","Green space","","","","No"
"NqExVab","Xx7kK1e","2026-09-11 03:48:01","Something else (write in)","I'm not against the idea of the indoor track, I am against a surface parking lot of any sort. If the indoor track is built, I would love to see free or low cost memberships for people in Summerhill and nearby neighborhoods, and for the fencing to come down around Cheney and the APS lot on Martin.","","No","No"
"aOk1Gby","gDPq0MO","2026-09-11 03:54:12","Green space","","","","No"
"2jVYYYA","81DLMjA","2026-09-11 05:43:38","ATC Indoor Track Proposal","","Ultimately, this facility will be an attractive force for our neighborhood. Conversely, as removing the Olympic cauldron, would create a deficit. Summerhill has not reached its potential. We are not Virginia Highland. However, we can be better. There needs to be productive, positive infrastructure and applications to our neighborhood to support the Main Street businesses and to convert our asphalt voids into useful spaces. Let’s use this opportunity to create new future Atlanta institutions. Yes, it is a sacrifice to remove green space but the vision of the track club is not malevolent. I’m not a runner. What I’ve seen from this organization is a constant interest in making Atlanta a better place to live through organization of physical activity. A healthy lifestyle. I embrace that vision as long as it incorporates some accessibility to all of our neighbors. There should be measured access to these facilities as close to free as possible. It should not be a gated community where it only benefits a few. There are compromises that can be made by all sides to implement this attractive and productive community resource. ","","No"
"BE6ooO5","Pde6R95","2026-09-11 09:08:39","Something else (write in)","Anything that includes keeping the soccer fields and not destroying them to make more parking lots
","","No","No"
"2jV9j8p","XxkW6b4","2026-09-11 09:56:59","Green space","","","","No"
"aOkpAaW","A7RBYkW","2026-09-11 11:11:38","Green space","","","","No"
"rDg8bdl","rj9oXKX","2026-09-11 11:44:39","Green space","","We’re already seeing rising temperatures due to climate change. Losing tree canopy and wildlife is the last thing I want for our neighborhood. This land should be protected and invested in as green space, not developed. ","","No"
"LDV4xeG","9q07bkY","2026-09-11 11:56:52","ATC Indoor Track Proposal","","","","Yes"
"GekOO6O","9q07bkY","2026-09-11 11:57:38","ATC Indoor Track Proposal","","","","No"
"VpqWgOl","440ralA","2026-09-11 12:19:10","Green space","","If an indoor track id want to see a robust proposal on traffic management, parking, and how the team plans to direct proceeds back into the neighborhood ","","No"
"o9g8WqN","b5RdZpZ","2026-09-11 12:19:25","ATC Indoor Track Proposal","","","","No"
"PR4ZVb1","440rQkr","2026-09-11 12:21:19","Something else (write in)","An open public park for the general public to use.","Suggest Pickleball courts, outdoor gym, benches, water feature, something the general public can use, not just runners","No","No"
"5XraWDo","XxA0LRY","2026-09-11 12:21:57","Green space","","","","No"
"bZg1bMo","LZxp9vv","2026-09-11 12:22:11","Green space","","A sports venue with 3,000 seating capacity, parking, offices, commercial retail and services spaces does not belong in a residential neighborhood comprised of narrow one-way streets. During large events with teams of athletes, coaches, trainers, etc., traffic congestion will certainly be a nightmare. When the Braves played home games at Turner Field, the neighborhood was filled with cars parked on residential streets, despite signs prohibiting residential parking for non-residents and designated parking offered closer to the stadium. It's naive to believe that Atlanta Track Club event attendees will behave any differently. ","","No"
"9NxAzWQ","lb2rBkX","2026-09-11 12:23:51","ATC Indoor Track Proposal","","It’s likely APS will sell the land regardless if it ends up being ATC or someone else. ATC proposal is a heck of a lot better than alternatives like a Target or Costco. This could help local businesses on Georgia Ave, which we’ve seen 3 close just recently. The green space is not maintained well right now with overgrown trees so someone buying the land would actually improve the maintenance of the area in my opinion","","No"
"J1GEak4","WObzrgj","2026-09-11 12:27:43","ATC Indoor Track Proposal","","","","No"
"5Xra6MM","ODqGlKK","2026-09-11 12:28:07","ATC Indoor Track Proposal","","","","No"
"lagkbjW","7R0xKWR","2026-09-11 12:34:59","ATC Indoor Track Proposal","","","","No"
"rDgMjMM","NpNoXVl","2026-09-11 12:35:12","Something else (write in)","I don't mind the indoor track building but I think the parking lot and closure of Ami street is going to be incredibly disruptive. I would prefer if the parking for the building were connected to it somehow (underground, etc). ","In general, I would love for the giant fences to be taken down so the area could be more visually appealing.","No","No"
"X59P5XO","440rKXb","2026-09-11 12:38:52","ATC Indoor Track Proposal","","I like the idea of a track. Q: can the design include outdoor green space? Will the facility be available for the community's use? I want to insure that our neighbors can access it justa as with the outdoor track","","No"
"jegAZz6","ZjyVgYo","2026-09-11 12:40:57","Green space","","","","No"
"OQrMlJY","1A0VVPp","2026-09-11 12:43:38","Something else (write in)","Green space as in fields for various uses.  Youth Soccer, kickball, flag football, community gatherings, etc.  But not a giant indoor track facility. 
","Not one of the ATC members would be ok with a giant facility, church, business popping up in the middle of a residential neighborhood and certainly not directly across their home/street in Buckhead, Avondale Estates, Decatur, Brookhaven (fill in the neighborhood), but this is their ballroom and nothing we say or do will change their minds.  ","No","No"
"5XrPj0M","b5RddB6","2026-09-11 12:48:15","ATC Indoor Track Proposal","","The green space at that location has never felt truly public to me. Especially the area where ATC plans to put their parking lot. It is always fenced off.","","No"
"Arae2Zo","rj9PABN","2026-09-11 12:48:53","ATC Indoor Track Proposal","","","","No"
"jegAQz4","ODqGAo8","2026-09-11 12:59:28","ATC Indoor Track Proposal","","The proposal needs some work, but I do not oppose it. My biggest concern is the number of trees that need to be removed from the site as well as the proposed and enclosure of Ami and Little streets. ","","No"
"aOkqYgq","EkVWPAq","2026-09-11 12:59:47","Green space","","Anything but parking.","","No"
"pe5pKJy","440rk7b","2026-09-11 13:02:02","ATC Indoor Track Proposal","","","","No"
"NqE1ABQ","ODqGPMA","2026-09-11 13:04:40","Green space","","","","No"
"kbgBWL1","LZxpY2l","2026-09-11 13:18:23","ATC Indoor Track Proposal","","The track sounds awesome. My main concern is parking taking over green space. At the same time, it feels like a double edged sword because if we say no to parking, it’ll cause more people to spill over into parking on Grant terrace and adjacent streets. We are lucky to have off street parking but that’s not the same for everyone on our street. There has to be some compromise. ","","No"
"lagk72X","WObzMek","2026-09-11 13:21:02","Green space","","Ideally this should be turned into a park and preserved. I am hoping ONS supports this and is louder over this issue than the mostly symbolic olympic cauldron moving.","","No"
"BE6W2q5","680NAPP","2026-09-11 13:39:39","ATC Indoor Track Proposal","","Long overdue and badly needed ","","No"
"AraeyKe","rjbJEA2","2026-09-11 13:40:51","Green space","","","","No"
"WJQVq1J","dWGd8ez","2026-09-11 13:45:22","Green space","","Having Path FC soccer in the neighborhood has been a blessing","","No"
"4aEVRMb","MeZRPBY","2026-09-11 14:08:37","Green space","","","","No"
"o9gLZ51","0Q0OlLy","2026-09-11 14:10:33","Green space","","I am not 100% opposed to the ATC indoor track, but I'd like the track club to approach the proposal with more thoughtfulness. It has been obvious from the beginning that they considered this completely nailed down, and were surprised the neighborhood had objections to it. Their response to try to meet our concerns has been ad hoc and sloppy. For example, I am concerned that the graphics they drew up for the meeting at King had cars exit the parking lot right in front of the playground; that indicates to me they don't know the neighborhood well and worse, did absolutely zero due diligence about researching the layout of the area. They generally seem to think we should be grateful for their largesse, and I am of the opinion that we live here, and they need to make this proposal more amenable to us by minimally disrupting our lives and allowing residents to continue to use amenities in the area (green space, safe playground, etc).","","No"
"q5g1lK7","WObzk9e","2026-09-11 14:22:49","Something else (write in)","Combination of “evolving” green space and 100% public use improvements (consistent with the ATCs “health and wellness” theming - while somewhat disingenuous in the ATC’s presentation context, more broadly that is a good place for focus)","I agree with and support Our Cheney’s mission statement","No","No"
"Z9Wr7Q0","RGeP6NJ","2026-09-11 14:26:33","Green space","","","","No"
"Z9Wr7r5","680Nzb5","2026-09-11 14:27:11","Green space","","It is such a great space for youth sports.  I love seeing it used for that purpose and providing an active space for public use.  I would like to see it remain as is.  It would be nice to have the sidewalks around the park redone and the 10 ft chain-link fence removed or replaced with something welcoming and visually appealing.  This space ultimately needs to be moved under the charge of Atlanta Department of Parks and Recreation as it is clearly a financial burden for the APS.","","No"
"Dqb6jOj","1A0Vzyb","2026-09-11 14:30:15","Green space","","I'd like to preserve the green space. We already have so many lots covered in concrete in and around the neighborhood. Thanks for sending the survey! ","","No"
"BE6WNVe","EkVWG4r","2026-09-11 14:36:08","Something else (write in)","Mixed use sports complex. Revenue building for the community. Designated soccer field. Baseball field built out. Crushed gravel track with interior playing fields like active oval.","We’ve let the basketball courts and playground go to shit and clearly haven’t  cared about the area. Now that atc made a proposal and has funds, we want to act. But we’ve been trying for years. It sounds like we either get an indoor track and the area cleaned up better than it has been in years or housing. I vote the track over housing. If aps was willing to explore a sports complex in fields and clean the area up and grade it like  is done in Gwinnett or Alpharetta, then that would be magical, but I think they want someone with money to do that and lease from them. So if we have a competing vision, it needs to be funded and presented to aps. Right now atc seems to be the top choice in terms of what we have available as a community. And if we can buffer the warehouse with groves of trees, and eliminate their proposed parking, then I think that helps. ","No","No"
"7Xjr6L6","pbqOqLE","2026-09-11 14:37:38","Green space","","","","No"
"6D4BLMY","A7Rvg5k","2026-09-11 14:58:55","ATC Indoor Track Proposal","","Martin St. field needs to remain greenspace or at the very least the half of it closest to Martin St. where the neighbors are closest.  The ATC Indoor Track will be a nice assett to the neighborhood but it is dependent on parking location.  A parking lot underneath the facility seems like the best plan for everyone, especially the neighbors. ","","No"
"OQrNXRa","eqORbdq","2026-09-11 15:09:56","Green space","","I'm concerned about potential increase in ambient noise within a residential area.","","No"
"GekPRMz","EkVW9YL","2026-09-11 15:13:15","Green space","","This area can not handle the additional traffic, Little is already difficult.  It was insane just recently for a high school CC meet. ","","No"
"zEg6DjZ","EkVWy8B","2026-09-11 15:17:12","Green space","","Come together with the neighborhood on some planning to deal with flooding and storm water management, also more to separating of storms water and sewerage ","","No"
"J1G42EJ","VL7JR8v","2026-09-11 15:26:12","Green space","","I like the space the way it is, no change needed","","No"
"BE6RQ6R","vG6yX5A","2026-09-11 15:40:38","Something else (write in)","Of the 3 ""parcels"", I think one remain track, one remain versatile greenspace (for soccer or other active sporting), and the last should be converted to housing. Let's get more neighbors.","Full disclosure: Grant Park resident that spends a lot of time in Summerhill. Love y'all.","No","No"
"J1G4VMd","440xBrr","2026-09-11 15:46:35","ATC Indoor Track Proposal","","The overall ATC proposal is a net positive to the community. ATC has shown clear effort to seek community feedback which has turned into iterative improvements of the plan. I acknowledge there are further improvements to be worked through and foresee a plan being reached that addresses the neighborhood’s concerns while still offering a world track class destination nestled in our neighborhood.","","No"
"o9gjke5","9q0DZ5p","2026-09-11 15:57:54","Something else (write in)","I would like to see the land used for something more than just green space. Something that the community can use. Turning the fields into part of the park for all to use would be my first choice. The proposed indoor track would be my second choice. Just not the same fenced-off inaccessible fields. ","","No","No"
"WJQ7QPv","Y5BWWgq","2026-09-11 16:12:11","Green space","","I’m more okay with indoor track proposal if they put the parking lot underneath the building. I do not support the current plans that create a large paid parking lot next to our city park. I support the other space being saved as green space if they are building another stadium. ","","No"
"pe52MQP","68027Ye","2026-09-11 16:17:30","Something else (write in)","A combination of green space, and a continuation of summerhill amenities like boutiques, coffee shops, art spaces, etc. ","","No","No"
"M1PxydE","XxAWerY","2026-09-11 16:19:17","ATC Indoor Track Proposal","","","","No"
"4aEbRGk","PdQ50Ye","2026-09-11 16:30:20","Green space","","I'd ideally love green space, but with the area being fenced in with restricted access I would welcome almost anything that activates the space including the indoor track proposal.","","No"
"o9gjNVX","NpNWLyQ","2026-09-11 16:36:41","Something else (write in)","Green space or more mixed use space (without much parking). Getting more housing would be great to revitalize the Georgia Ave strip.","","No","No"
"bZgJ1AE","MeZzYXA","2026-09-11 16:41:00","Green space","","","","Yes"
"4aEblyd","MeZzYXA","2026-09-11 16:41:21","Green space","","","","No"
"Vpq6W6M","J9jADxR","2026-09-11 16:41:59","Green space","","I'm not sure why we need an indoor track in our neighborhood.  They need to figure out a different space and location to do this.  I am not a fan.","","No"
"Vpq6e8a","2EdNx1L","2026-09-11 16:51:07","Green space","","","","No"
"1WOaevM","rj9ArJv","2026-09-11 16:51:15","Something else (write in)","Greenspace and amenities that are actually available to neighbors and flood management beyond the minimum requirements","If ATC wants to build on the land they should need to buy it from the city for its market value.","No","No"
"GekPZ6O","1A07bPQ","2026-09-11 16:54:00","ATC Indoor Track Proposal","","","","No"
"kbgP2jo","kdj60ke","2026-09-11 16:56:25","Green space","","","","Yes"
"QojQbQG","kdj60ke","2026-09-11 16:56:42","Green space","","","","Yes"
"AraXk7B","kdj60ke","2026-09-11 16:57:23","Green space","","","","No"
"PR4qMYe","obNM5ZN","2026-09-11 17:12:24","Green space","","Green space is already precious and limited in the neighborhood and city. It is already difficult for youth sports to find venues to practice and play. The idea of converting such a rare community resource into a parking lot of large building is troubling and leads one to question why this would even be a consideration. This should remain with the public. ","","No"
"WJQWOqe","yPA9zvW","2026-09-11 17:19:48","Green space","","","","No"
"8N2BzRP","RGe5rVl","2026-09-11 17:30:23","Green space","","","","No"
"2jVWAae","VL75qBE","2026-09-11 17:36:26","Green space","","No one who lives in Grant Park or Summerhill wants an indoor track built in place of an existing green space. The local community is staunchly opposed to this proposal. ","","No"
"EqARQxX","rj9AW4v","2026-09-11 17:48:02","ATC Indoor Track Proposal","","This space as it currently stands is not “open” to the public.  Crating this as a destination to cultivate and nurture premier track talent throughout thr southeast seems like a good use of space that would otherwise be sold to a developer. A developer that will most likely put a high rise and a parking garage there.  An active community space is preferred. ","","No"
"yXgQ6O4","eqOejDE","2026-09-11 17:54:35","Green space","","The parking lot is huge and will eat up a lot of greenspace. Will this be a pay lot? Who receives the revenue from it if is a pay to park lot? The financial benefits to APS from this project is way too low, and the LOI is too vague. ","","No"
"lagGA15","NpNWv4p","2026-09-11 18:01:31","ATC Indoor Track Proposal","","","","No"
"yXgQDQp","KY2l4o7","2026-09-11 18:06:11","Green space","","","","No"
"o9gPobb","440xY1B","2026-09-11 18:06:49","ATC Indoor Track Proposal","","An active rooftop for the indoor track and parking lot would be preferred. I think having ATC here is critical for sustaining Georgia Avenue businesses, keeping Summerhill growing, and the entire neighborhood economic health.  Otherwise another neighborhood will harvest the benefits.  That vacant lot will eventually be turned into something, and this world-class fitness facility is probable the best possible option we have.","","No"
"e5yJNjk","ODq5M6A","2026-09-11 18:25:30","Green space","","Every neighbor I’ve spoken to doesn’t want the proposed indoor track if it means losing such a precious resource like green space. ","","No"
"M1P46A0","RGe5NaQ","2026-09-11 18:35:51","ATC Indoor Track Proposal","","The ATC building would absolutely be a positive impact for the neighborhood, but it MUST be done well or I will push back heavily. This is a risky development I am nervous about that could be very bad for the neighborhood for decades IF executed poorly. 

1. The building must compliment the character of the neighborhood. It must be aesthetically pleasing. the design must be timeless. There are too many examples of community centers in the area that quickly become old/outdated in design and materials. The Georgia Hill Center right up the street is an example of this. It is largely not a good design that adds to the character of the neighborhood, or a great use of land. 

2. It must not interfere with parking spots on Connally or adjacent streets. Putting an industrial-sized building right next to residential properties risks creating a dead-zone surrounding it. No one wants to live in the shadow of a stadium, highway, factory, etc. This could have a similar impact for the surrounding streets and push down property value IF done incorrectly. STREET LEVEL ACTIVATION is a need-to-have here. 

3. If additional parking is created, it should be minimized in scope and be done with high-quality, natural material in order to reduce flooding risk. Eco-parking lots prioritize gravel, native plantings, and appropriate lighting. I will push back heavily if a plain old black-tarmac design is proposed. 

Ultimately, I do see the value in gaining more neighborhood stewardship of the land similar to the Grant Park Conservancy. There may have been a precedent for APS ownership in the past given the struggling nature of the neighborhood, but we are now a thriving neighborhood capable of community involvement and stewardship. ","","No"
"lagG45B","7R02GYP","2026-09-11 18:53:51","Something else (write in)","A recreation center ","","No","No"
"NqEjQEB","xXbakgy","2026-09-11 19:10:28","Something else (write in)","I’d like to see the Park Pride plan implemented, since it was developed methodically with broad and deep stakeholder engagement.","","No","No"
"M1P4ox8","LZxbpdO","2026-09-11 20:02:17","ATC Indoor Track Proposal","","I understand why people don’t want this but it’ll bring a lot of positive change to the neighborhood. I rarely see anyone in the actual park. ","","No"
"0VG9pvP","obNyGgx","2026-09-11 20:04:27","Green space","","No parking deck! ","","No"
"o9gP4LX","0Q0xONP","2026-09-11 20:06:23","Green space","","Green space or something else that would add value to the neighborhood. ","","No"
"zEgkXNg","eqO66rQ","2026-09-11 20:10:48","Something else (write in)","I could be on board with the indoor track, but I’m vehemently oppose to putting a parking lot in the current green space. Driving to a track in a dense urban area seems antithetical to the very act of exercise. We don’t need more cars in our area and parking lots increase the overall temperature.","We already have plenty of street parking up and down Ami and Connally streets. Could we not put in diagonal parking spots on Ami street to allow even more parking? ","No","No"
"q5g94Dk","D4ONNjZ","2026-09-11 20:15:19","Green space","","A park! ","","No"
"VpqKpbM","WObNAWR","2026-09-11 20:21:33","Green space","","if the Atlanta track club wants to build up on Cheney, I am concerned about the additional traffic that would come to the neighborhood. My biggest concern, however, is the fact that we will be removing some of the green space and the soccer feels without any plans to replace them. I typically support community development, but in this instance, I don’t think I can support it because it’s getting rid of quality green space. 

Also I have not seen a plan on how residents will be granted or limited access. ","","No"
"VpqKprN","yPA6y44","2026-09-11 20:23:24","Green space","","The indoor track proposal to turn the green that teams play soccer on into a surface lot does not make a lot of sense. Also, cutting down nature trees does not help the health of the neighborhood. ","","No"
"VpqKjzM","KY260pX","2026-09-11 20:29:12","Green space","","","","No"
"LDVezNJ","yPA6D0W","2026-09-11 20:31:32","Green space","","First, the track is an awesome asset for the neighborhood, not only Summerhill but also the surrounding neighborhoods. We don’t have a lot of tracks that are open to public, so it’s great to have this one. 
Second, we have a flooding issue in Peoplestown and the green spaces are helping to reduce the amount of water that’s coming down to us. 
Third, even if they build the Indoor facilities, why do they need this huge parking lot? I know, they already reduced it but 150 is still huge, especially given that Summerhill already has plenty of parking.","","No"
"7XjyL72","RGe0R04","2026-09-11 20:36:50","Green space","","Our family would defer to Summerhill residents, but personally feel that the current ATC proposal largely prioritizes the interests of folks from outside the community (Buckhead and beyond). We are disturbed by the removal of green space (where my child plays soccer) for surface parking lots. And we don’t think free spaces should be turned into fee spaces. ","","No"
"5XrJjNZ","NpN6LLl","2026-09-11 20:37:26","ATC Indoor Track Proposal","","","","No"
"PR47OOB","ja4yWd4","2026-09-11 20:48:31","ATC Indoor Track Proposal","","Green space that isn’t utilized to its fullest doesn’t bring economic benefits to the neighborhood. ","","No"
"yXgB958","7R0W9KZ","2026-09-11 20:56:07","Something else (write in)","Idk just not a parking lot. Grow a spine , that’s ridiculous ","No parking lot, its an eye sore and that amount of parking is completely unnecessary. We just built rapid bus transit, utilize it","No","Yes"
"o9gqyMM","7R0W9KZ","2026-09-11 20:58:05","Green space","","Also they’re building so much parking in Summerhill. If they’re going to a track I think they can walk from one of the several other parking lots","","No"
"5XrJdJP","zxBq0OZ","2026-09-11 21:05:57","ATC Indoor Track Proposal","","With changes to parking and cutting off street access. I’m not opposed to the project with significant changes. ","","No"
"EqA21ZL","81DKj1A","2026-09-11 21:08:53","Green space","","Do not turn the open green space into a parking lot - we do not need more parking lots. ","","No"
"6D4gR1Y","LZxbvMy","2026-09-11 21:18:56","Green space","","","","No"
"KpO9D17","kdjyKMZ","2026-09-11 21:22:59","ATC Indoor Track Proposal","","We live in the city; with Grant Park less than a mile away and Phoenix Parks 1,2 and 3 with on walking distance  of anyone that lives in Summerhill. We need to supports a space that promotes collaboration, cooperation, and good health. I’m perplex as to why this is an issue. Let’s focus our energy on the homeless that have moved into the community and finding a viable solution for people who have been displaced. Additionally, the only people using the green space are those people who run track or who run. Lastly, Change is inevitable. Changing the green space
to a facility that will support body movement should be encouraged.","","No"
"EqA2vql","EkVXM9r","2026-09-11 21:47:35","Green space","","Would be nice if they could refurbish any of the many abandoned buildings throughout Atlanta rather than tear down yet another green space. ","","No"
"LDVe60y","GxEz7Vp","2026-09-11 21:59:55","Green space","","","","No"
"zEgkL7q","EkVXALN","2026-09-11 22:04:28","Green space","","Kids’ sport teams play on these fields. To replace it with a parking lot would be insane. ","","No"
"aOkRlkW","yPA6kM4","2026-09-11 22:18:06","ATC Indoor Track Proposal","","","","No"
"gbgEgDN","A7Rd5qy","2026-09-11 22:20:27","Green space","","","","No"
"BE6r6ZR","5B0z5O6","2026-09-11 22:22:05","Something else (write in)","I’d like for the park to be upgraded on the where Ralph McGill elementary once was. A bathroom added to the track. NO INDOOR TRACK JUST SIMPLY ADD A BATHROOM ","","No","No"
"7XjyjOz","ZjkNyM5","2026-09-11 22:24:07","ATC Indoor Track Proposal","","There is so much potential in this space. APS does a poor job of maintaining the track area. I use it a few mornings a week. There is always trash overflowing and the porto john is awful. 
The “green space” in this area is fenced in and mostly inaccessible to the community outside of the limited hours. I live 3 blocks away, drive by almost every day, and never see anyone using it outside of cross country meets.
There’s already a park a block away that needs some TLC. Let’s focus our energy on making that actual green space nicer and more desirable for folks to spend time instead of trying to gate keep Cheney from what will be an incredible amenity and also great for our property values.","","No"
"Z9WMgR5","BzoXlZY","2026-09-11 22:28:03","Green space","","","","No"
"q5g9pX2","PdQ6ePe","2026-09-11 22:30:00","Something else (write in)","No opposed to the indoor track but want to know more about it. ","Not sure what the implications are of the indoor track so hard to create an opinion. If it benefits the community at large, would support. ","Yes","No"
"o9gqprb","lb2y12W","2026-09-11 22:31:34","ATC Indoor Track Proposal","","ATC will need to not restrict access to the facility to Summerhill residents except on few, private occasions","","No"
"0VGKyZ0","QK9DaQ8","2026-09-11 22:40:27","Green space","","","","No"
"VpqKADE","rj96b4l","2026-09-11 22:40:36","Something else (write in)","Elementary school ","Elementary school","No","No"
"PR47Zoe","LZxb46z","2026-09-11 23:13:29","Something else (write in)","An indoor track should be built inside the grounds of where the current track sits. That space should consist of an indoor track and gym facilitated available to the community. The field on Martin street along with the playground on Martin St. should be completely transformed. The playground should be renovated/updated, the green space could be a mix of green space, dog park, splash pad, picnic benches and area for community to gather. Be creative look to other parks and green spaces in metro Atlanta like Chastain Park playground and tables (that is a gorgeous space). ","This should not be an indoor track or not. It should be yes an indoor track in one space (where the current track is) and the other space for green, playground, community gathering. No more parking!!! The parking lot on Hank Aaron is enough. People can walk over if they want and if they don’t want to walk, then tough go to another track. ","No","No"
"zEgk5Xa","ja4y8E1","2026-09-11 23:14:14","ATC Indoor Track Proposal","","","","No"
"kbg2oZ1","7R0Wk26","2026-09-11 23:28:33","Something else (write in)","I’m fine with the indoor track. I think if we are accepting this in the neighborhood, perhaps we could also bargain for a new playground, a splash pad, nice bathrooms in the park, new benches, shelters, etc. And community usage of the space!!!","If this indoor track proposal goes through, I’d prefer that the residents of Summerhill are able to use it! I’d love to see neighborhood-centric programming that is FOR us. Not just something that happens TO us like the events at Georgia State. I’m open to any number of uses, and I’m not wholly opposed to the indoor track. I’d like to see a reality where any development is a joy to have in the neighborhood. I’ve lived here for five years and I love it.","Yes","No"
"BE6rNrA","dWG6OVd","2026-09-11 23:53:08","Green space","","Let’s work together to beautify the green space that is already here. We should make the fields a more useable surface for multiple recreational activities. There is a need to introduce better waste management to prevent the excess of trash/litter that accumulates from the individuals using the current track. ","","No"
"NqEzpOp","pbqK8EE","2026-09-12 00:27:33","Green space","","","","No"
"4aEZJ2k","ODqA1Jg","2026-09-12 00:55:12","Green space","","","","No"
"1WOjdJO","GxErvXp","2026-09-12 00:56:02","Green space","","Open to development but indoor track with a parking lot isn’t it.","","No"
"GekMRlQ","vG6NGpv","2026-09-12 01:09:27","Green space","","I like them now.  But they should remain green space and park area no matter what.  I love all the kids athletics and GSU track practices! ","","No"
"J1GyzY4","lb2Na5N","2026-09-12 01:20:37","No preference","","","","No"
"o9gJlOO","rj9lA95","2026-09-12 02:37:53","Green space","","ATC Indoor Track Proposal will come with significant disruption to already damaged and narrowed streets. If that proposal moves forward, they should get our roads re-paved as well","","No"
"BE6vjYN","pbqLLPV","2026-09-12 02:57:35","Green space","","Keep the green space!! We don’t need a parking lot.","","No"
"DqbLO7b","PdQA2ax","2026-09-12 04:25:39","Green space","","","","No"
"2jV0zvb","VL7lGgN","2026-09-12 08:57:59","Green space","","There’s already an aggressive amount of parking lots in Summerhill. The indoor track is fine. ","","No"
"4aEe98k","Bzo154Q","2026-09-12 11:58:58","ATC Indoor Track Proposal","","The parks are rarely used , I never see anyone there except the track club. If the indoor facility gives teens a place to socialize and be active I’m all for it","","No"
"NqEGgQb","ja4MrJJ","2026-09-12 12:29:30","ATC Indoor Track Proposal","","I support the track as long as residents get time to user it, the parking is done in a responsible and respectful manner using good urban parking g practices and not just building and huge asphalt slab. It also better not take any green space access away from residents. ","","No"
"0VGNX49","QK9rPEG","2026-09-12 13:29:09","Something else (write in)","I support the indoor track as long it is accessible to everyone and retains ample green space surrounding the building. ","","Yes","No"
"e5ydRVl","vG62Djg","2026-09-12 14:20:14","ATC Indoor Track Proposal","","The ATC facility will be fantastic for this neighborhood! We as a community need to be more welcoming and open when it comes to supporting development that will actually bring people together and give kids and neighbors a place to be active.","","No"
"PR4aAVQ","MeZ5RRE","2026-09-12 14:33:19","ATC Indoor Track Proposal","","","","No"
"LDVAYZj","b5ROP1Z","2026-09-12 18:02:35","ATC Indoor Track Proposal","","I honestly really like the access the community has to the track as it is ","","No"
